"id","arabic","translation","literal","tags"
"again-and-again","أَيْضاً وَأَيْضاً","Again and again","Again and again","[""section: Little Litany After the First Antiphon"",""section: The Little Litany After the Second Antiphon""]"
"to-thee-o-lord","لَكَ يَا رَبّ","To thee O Lord","To you O Lord","[""section: Litany of Peace"",""section: Little Litany After the First Antiphon"",""section: The Little Litany After the Second Antiphon""]"
"help-save-have-mercy-001","أَعْضُدْ وَخَلِّصْ وَارْحَمْ","Help save have mercy","Support and save and have mercy","[""verbs"",""mercy"",""repeated"",""section: Litany of Peace"",""section: Little Litany After the First Antiphon"",""section: The Little Litany After the Second Antiphon""]"
"preserve-us-001","وَاحْفَظْنَا","and preserve us","and preserve us","[""petition"",""repeated"",""section: Litany of Peace"",""section: Little Litany After the First Antiphon"",""section: The Little Litany After the Second Antiphon""]"
"o-god-001","يَا اللَّهُ","O God","O God","[""address"",""repeated"",""section: Litany of Peace"",""section: Little Litany After the First Antiphon"",""section: The Little Litany After the Second Antiphon""]"
"by-your-grace-001","بِنِعْمَتِكَ","by Your grace","by Your grace","[""grace"",""repeated"",""section: Litany of Peace"",""section: Little Litany After the First Antiphon"",""section: The Little Litany After the Second Antiphon""]"
"for-our-salvation-001","مِنْ أجْلِ خَلاصِنا","for our salvation","for the sake of our salvation","[""salvation"",""incarnation"",""section: The Second Antiphon""]"
"accepted-incarnate-001","لَقَدْ قَبِلْتَ أنْ تَتَجَسَّدَ","who deigned to be incarnate","indeed you accepted to be embodied","[""incarnation"",""section: The Second Antiphon""]"
"deathless-001","الَّذي لَمْ يَزَلْ غَيرَ مائِتٍ","who art immortal","who has not ceased being deathless","[""christology"",""deathless"",""section: The Second Antiphon""]"
"title-only-begotten-son-word-of-god","يا كَلِمَةَ اللّٰهِ الابْنَ الوَحيد","Only begotten Son and Word of God","O Word of God the Only Begotten Son","[""section-title"",""lesson-title"",""antiphons""]"
"holy-house-001","مِنْ أَجْلِ هَذَا الْبَيْتِ الْقِدِّيس","For this holy house","for the sake of this holy house","[""church"",""place"",""section: Litany of Peace""]"
"role-priest","الكاهِنْ","Priest","The Priest","[""role""]"
"from-theotokos-001","مِنَ القدّيسةِ والِدةِ الإِلهِ","of the holy Theotokos","from the holy Mother of God","[""theotokos"",""incarnation"",""section: The Second Antiphon""]"
"enter-with-faith-001","وَالَّذِينَ يَدْخُلُونَ إِلَيْهِ بِإِيمَانٍ وَوَرَعٍ وَخَوْفِ اللَّه","and those who with faith reverence and the fear of God enter therein","and those who enter into it with faith and reverence and fear of God","[""faith"",""reverence"",""fear-of-god"",""section: Litany of Peace""]"
"role-choir","الجَوْقة","Choir","The Choir","[""role""]"
"role-deacon","الشَمَّاسْ","Deacon","The Deacon","[""role""]"
"crucified-001","وَصُلِبْتَ أَيُّها الْمَسيحُ إِلَهُنا","and wast crucified O Christ our God","and you were crucified O Christ our God","[""crucifixion"",""section: The Second Antiphon""]"
"section-antiphons","الأَنْدِيفُونَات","Antiphons","Antiphons","[""section-title"",""antiphons""]"
"section-second-antiphon","الأَنْدِيفُونَا الثَّانِيَة","The Second Antiphon","The second antiphon","[""section-title"",""antiphon"",""section: The Second Antiphon""]"
"word-of-god-001","يا كَلِمَةَ اللّٰهِ","O Word of God","O Word of God","[""address"",""word-of-god"",""christology"",""section: The Second Antiphon""]"
"ever-virgin-mary-001","الدّائمةِ البَتوليَّةِ مَرْيَمَ","the ever virgin Mary","the ever virgin Mary","[""theotokos"",""mary"",""section: The Second Antiphon""]"
"became-man-001","وَتأَنَّسْتَ بِغَيْرِ اسْتِحالَةٍ","and without change became man","and you became human without alteration","[""incarnation"",""christology"",""section: The Second Antiphon""]"
"save-us-001","خَلِّصْنا","save us","save us","[""petition"",""section: The Second Antiphon"",""section: The Entrance Hymn""]"
"lord-have-mercy-001","يَا رَبُّ ارْحَمْ","Lord have mercy","O Lord have mercy","[""response"",""mercy"",""repeated"",""section: Litany of Peace"",""section: Little Litany After the First Antiphon"",""section: The Little Litany After the Second Antiphon"",""section: The Entrance Hymn"",""section: Prayer Before the Gospel""]"
"one-of-trinity-001","وَأَنْتَ لَمْ تَزَلْ أَحَدَ الثّالوثِ الْقَدّوسِ","who art one of the Holy Trinity","and you have not ceased being one of the Holy Trinity","[""trinity"",""section: The Second Antiphon""]"
"glorified-with-father-001","الْمُمَجَّدَ مَعَ الْآبِ والرّوحِ الْقُدُسِ","glorified together with the Father and the Holy Spirit","glorified with the Father and the Holy Spirit","[""trinity"",""section: The Second Antiphon""]"
"whole-world-001","مِنْ أَجْلِ سَلامِ الْعَالَمِ كُلِّهِ","For the peace of the whole world","for the sake of peace of the whole world","[""peace"",""world"",""section: Litany of Peace""]"
"union-001","وَاتِّحَادِ الْجَمِيع","and the union of all","and union of everyone","[""unity"",""section: Litany of Peace""]"
"salvation-001","وَخَلاصِ نُفُوسِنَا","and the salvation of our souls","and salvation of our souls","[""salvation"",""souls"",""section: Litany of Peace""]"
"section-litany-of-peace","طِلْبَةُ السَّلام","Litany of Peace","Petition of peace","[""section-title"",""litany"",""section: Litany of Peace""]"
"only-begotten-001","الْابْنَ الْوَحيدَ","the Only Begotten Son","the Only Begotten Son","[""christology"",""only-begotten"",""section: The Second Antiphon""]"
"role-all","الكُلُّ","All","Everyone","[""role""]"
"peace-001","بِسَلامٍ","In peace","With peace","[""peace"",""opening"",""section: Litany of Peace"",""section: Little Litany After the First Antiphon"",""section: The Little Litany After the Second Antiphon""]"
"peace-from-above-001","مِنْ أَجْلِ السَّلامِ مِنَ الْعُلَى","For the peace from above","for the sake of the peace from on high","[""peace"",""petition"",""section: Litany of Peace""]"
"trampled-death-001","وَبِمَوْتِكَ وَطِئْتَ الْمَوْتَ","and trampled down death by dath","and by your death you trampled death","[""resurrection"",""death"",""section: The Second Antiphon""]"
"petition-001","إِلَى الرَّبِّ نَطْلُب","let us pray to the Lord","to the Lord we ask","[""petition"",""repeated"",""section: Litany of Peace"",""section: Little Litany After the First Antiphon"",""section: The Little Litany After the Second Antiphon"",""section: The Entrance"",""section: The Entrance Hymn"",""section: Prayer Before the Gospel""]"
"holy-churches-001","وَحُسْنِ ثَبَاتِ كَنَائِسِ اللَّهِ الْقِدِّيسَة","and the good estate of the holy churches of God","and the good stability of the holy churches of God","[""church"",""stability"",""section: Litany of Peace""]"
"role-rubric","إِرْشَاد","Rubric","Instruction","[""role"",""rubric""]"
"section-entrance","الدُّخُول","The Entrance","The entrance","[""section-title"",""entrance"",""section: The Entrance""]"
"section-entrance-hymn","تَرْنِيمَةُ الدُّخُول","The Entrance Hymn","Hymn of the entrance","[""section-title"",""entrance"",""hymn"",""section: The Entrance Hymn""]"
"amen-001","آمِين","Amen","Amen","[""response"",""repeated"",""section: The Preparation for the Divine Liturgy"",""section: Blessed is the Kingdom"",""section: Litany of Peace"",""section: The First Antiphon"",""section: Little Litany After the First Antiphon"",""section: The Second Antiphon"",""section: The Little Litany After the Second Antiphon"",""section: The Entrance"",""section: The Entrance Hymn"",""section: Thrice-Holy Hymn"",""section: Prayer Before the Gospel""]"
"entrance-master-lord-god-001","أَيُّهَا السَّيِّدُ الرَّبُّ إِلَهُنَا","O Master Lord our God","O Master Lord our God","[""entrance"",""priest-prayer"",""quiet"",""section: The Entrance""]"
"entrance-appointed-angels-001","يَا مَنْ أَقَامَ فِي السَّمَاوَاتِ طَغْمَاتٍ وَجُنُودَ مَلَائِكَةٍ وَرُؤَسَاءَ مَلَائِكَةٍ","who hast appointed in heaven orders and hosts of angels and archangels","O you who appointed in the heavens ranks and hosts of angels and archangels","[""entrance"",""priest-prayer"",""quiet"",""angels"",""section: The Entrance""]"
"entrance-service-glory-001","لِخِدْمَةِ مَجْدِهِ","for the service of thy glory","for the service of his glory","[""entrance"",""priest-prayer"",""quiet"",""section: The Entrance""]"
"entrance-make-our-entrance-001","إِجْعَلْ دُخُولَنَا مَقْرُونًا بِدُخُولِ مَلَائِكَةٍ قِدِّيسِينَ","Cause that with our entrance there may be an entrance of holy angels","make our entrance joined with an entrance of holy angels","[""entrance"",""priest-prayer"",""quiet"",""angels"",""section: The Entrance""]"
"entrance-angels-serving-001","يُشَارِكُونَنَا فِي الْخِدْمَةِ","serving with us","sharing with us in the service","[""entrance"",""priest-prayer"",""quiet"",""section: The Entrance""]"
"entrance-glorifying-goodness-001","وَيُمَجِّدُونَ مَعَنَا صَلَاحَكَ","and glorifying thy goodness","and they glorify your goodness with us","[""entrance"",""priest-prayer"",""quiet"",""section: The Entrance""]"
"doxology-for-fitting-001","لِأَنَّهُ يَنْبَغِي لَكَ","For unto thee are due","For it is fitting to you","[""doxology"",""repeated"",""section: Litany of Peace"",""section: The Entrance""]"
"doxology-glory-honor-worship-001","كُلُّ مَجْدٍ وَإِكْرَامٍ وَسُجُودٍ","all glory honor and worship","all glory and honor and worship","[""doxology"",""repeated"",""section: Litany of Peace"",""section: The Entrance""]"
"doxology-father-son-spirit-001","أَيُّهَا الآبُ وَالابْنُ وَالرُّوحُ الْقُدُسُ","to the Father and to the Son and to the Holy Spirit","O Father and Son and Holy Spirit","[""doxology"",""trinity"",""repeated"",""section: Litany of Peace"",""section: Little Litany After the First Antiphon"",""section: The Little Litany After the Second Antiphon"",""section: The Entrance"",""section: The Entrance Hymn""]"
"doxology-now-ever-ages-001","الآنَ وَكُلَّ أَوَانٍ وَإِلَى دَهْرِ الدَّاهِرِينَ","now and ever and unto ages of ages","now and always and unto the age of ages","[""doxology"",""repeated"",""section: Blessed is the Kingdom"",""section: Litany of Peace"",""section: The First Antiphon"",""section: Little Litany After the First Antiphon"",""section: The Second Antiphon"",""section: The Little Litany After the Second Antiphon"",""section: The Entrance"",""section: Thrice-Holy Hymn"",""section: Prayer Before the Gospel""]"
"now-and-ever-001","الآنَ وَكُلَّ أَوَانٍ","now and ever","now and always","[""doxology"",""repeated"",""section: The Entrance Hymn""]"
"unto-ages-of-ages-001","وَإِلَى دَهْرِ الدَّاهِرِينَ","and unto ages of ages","and unto the age of ages","[""doxology"",""repeated"",""section: The Entrance Hymn""]"
"entrance-bless-master-001","بَارِكْ يَا سَيِّدُ","Bless master","Bless master","[""entrance"",""deacon"",""section: The Entrance""]"
"entrance-holy-entrance-001","الدُّخُولَ الْمُقَدَّس","the holy entrance","the holy entrance","[""entrance"",""section: The Entrance""]"
"entrance-blessed-is-001","مُبَارَكٌ هُوَ","Blessed is","Blessed is","[""entrance"",""blessing"",""section: The Entrance""]"
"entrance-holy-ones-001","دُخُولُ قِدِّيسِيكَ","the entrance of thy holy ones","the entrance of your holy ones","[""entrance"",""blessing"",""section: The Entrance""]"
"entrance-always-001","كُلَّ حِينٍ","always","at every time","[""entrance"",""time"",""section: The Entrance""]"
"wisdom-001","الْحِكْمَة","Wisdom","Wisdom","[""deacon"",""repeated"",""section: The Entrance"",""section: The Reading of the Epistle"",""section: The Reading of the Gospel""]"
"stand-upright-001","فَلْنَسْتَقِم","Stand upright","Let us stand upright","[""deacon"",""repeated"",""section: The Entrance"",""section: The Reading of the Gospel""]"
"entrance-come-001","هَلُمُّوا","Come","Come","[""entrance"",""hymn"",""section: The Entrance Hymn""]"
"entrance-worship-bow-001","نَسْجُدْ وَنَرْكَعْ","let us worship and fall down","we worship and bow down","[""entrance"",""hymn"",""section: The Entrance Hymn""]"
"entrance-christ-king-god-001","لِلْمَسِيحِ مَلِكِنَا وَإِلَهِنَا","before Christ our King and our God","to Christ our King and our God","[""entrance"",""hymn"",""christology"",""section: The Entrance Hymn""]"
"son-of-god-001","يَا ابْنَ الله","O Son of God","O Son of God","[""christology"",""address"",""section: The Second Antiphon"",""section: The Entrance Hymn""]"
"entrance-risen-dead-001","يَا مَنْ قَامَ مِنْ بَيْنِ الأَمْوَات","who art risen from the dead","O you who rose from among the dead","[""entrance"",""hymn"",""ordinary-sundays"",""resurrection"",""section: The Second Antiphon"",""section: The Entrance Hymn""]"
"entrance-we-sing-to-you-001","نَحْنُ الْمُرَتِّلِينَ لَكَ","who sing to thee","we who chant to you","[""entrance"",""hymn"",""section: The Second Antiphon"",""section: The Entrance Hymn""]"
"alleluia-001","هَلِّلُويَا","Alleluia","Alleluia","[""hymn"",""repeated"",""section: The Second Antiphon"",""section: The Entrance Hymn"",""section: Thrice-Holy Hymn"",""section: The Reading of the Epistle""]"
"ordinary-sundays-label-001","فِي الآحَادِ العَادِيَّة","Ordinary Sundays","On ordinary Sundays","[""rubric"",""ordinary-sundays"",""section: The Entrance Hymn""]"
"entrance-wondrous-saints-001","يَا مَنْ هُوَ عَجِيبٌ فِي قِدِّيسِيه","who art wondrous in the saints","O you who are wondrous in his saints","[""entrance"",""hymn"",""weekdays"",""saints"",""section: The Second Antiphon"",""section: The Entrance Hymn""]"
"weekdays-label-001","خِلَالَ أَيَّامِ الأُسْبُوع","Weekdays","During the days of the week","[""rubric"",""weekdays"",""section: The Second Antiphon"",""section: The Entrance Hymn""]"
"entrance-rubric-chant-hymns-001","هُنَا نُرَتِّلُ الطَّرُوبَارِيَّاتِ وَالْقِنْدَاقَ","Here we chant hymns appointed for the day and season","Here the troparia and kontakion are chanted","[""rubric"",""entrance"",""section: The Entrance Hymn""]"
"entrance-rubric-refer-bulletin-001","رَاجِعِ النَّشْرَةَ الأُسْبُوعِيَّة","refer to the bulletin","refer to the weekly bulletin","[""rubric"",""entrance"",""section: The Entrance Hymn""]"
"entrance-rubric-priest-prayer-001","بَيْنَمَا يَتْلُو الْكَاهِنُ الإِفْشِينَ التَّالِي","while the priest says the following prayer","while the priest recites the following prayer","[""rubric"",""entrance"",""section: The Entrance Hymn""]"
"for-holy-art-thou-001","لأَنَّكَ قُدُّوسٌ أَنْتَ يَا إِلَهَنَا","For holy art thou O our God","for you are holy O our God","[""entrance"",""trisagion"",""doxology"",""section: The Entrance Hymn""]"
"unto-thee-ascribe-glory-001","وَلَكَ نُرْسِلُ المَجْد","and unto thee we ascribe glory","and to you we send up glory","[""entrance"",""trisagion"",""doxology"",""repeated"",""section: The Entrance Hymn""]"
"trisagion-holy-god-resting-001","أَيُّهَا الْإِلَهُ الْقُدُّوسُ الْمُسْتَرِيحُ فِي الْقِدِّيسِينَ","O holy God who restest among the holy ones","O holy God resting among the holy ones","[""priest-prayer"",""quiet"",""trisagion"",""section: The Entrance Hymn""]"
"trisagion-seraphim-001","الْمُسَبَّحُ مِنَ السِّيرَافِيمِ بِأَصْوَاتٍ ثُلاثِيَّةِ التَّقْدِيسِ","who art hymned by the seraphim with the thrice holy cry","praised by the seraphim with thrice holy voices","[""priest-prayer"",""quiet"",""trisagion"",""section: The Entrance Hymn""]"
"trisagion-cherubim-001","وَالْمُمَجَّدُ مِنَ الشِّيرُوبِيمِ","and glorified by the cherubim","and glorified by the cherubim","[""priest-prayer"",""quiet"",""trisagion"",""section: The Entrance Hymn""]"
"trisagion-heavenly-powers-001","وَالْمَسْجُودُ لَهُ مِنْ كُلِّ قُوَّةٍ سَمَاوِيَّةٍ","and worshipped by every heavenly power","and worshipped by every heavenly power","[""priest-prayer"",""quiet"",""trisagion"",""section: The Entrance Hymn""]"
"trisagion-out-of-nothing-001","يَا مَنْ أَخْرَجَ كُلَّ شَيْءٍ مِنَ الْعَدَمِ إِلَى الْوُجُودِ","who out of nothing hast brought all things into being","O you who brought everything from nothing into being","[""priest-prayer"",""quiet"",""trisagion"",""creation"",""section: The Entrance Hymn""]"
"trisagion-created-humanity-001","وَخَلَقَ الْإِنْسَانَ عَلَى صُورَتِهِ وَمِثَالِهِ","who hast created man according to thine own image and likeness","and created humanity according to his image and likeness","[""priest-prayer"",""quiet"",""trisagion"",""creation"",""section: The Entrance Hymn""]"
"trisagion-gives-wisdom-001","وَيَمْنَحُ الطَّالِبَ حِكْمَةً وَفَهْمًا","who givest to him that asketh wisdom and understanding","and gives wisdom and understanding to the one who asks","[""priest-prayer"",""quiet"",""trisagion"",""section: The Entrance Hymn""]"
"trisagion-not-neglect-sinners-001","وَلَا يُهْمِلُ الَّذِينَ يُخْطِئُونَ","who despisest not the sinner","and does not neglect those who sin","[""priest-prayer"",""quiet"",""trisagion"",""section: The Entrance Hymn""]"
"trisagion-repentance-salvation-001","بَلْ وَضَعَ تَوْبَةً لِلْخَلَاصِ","but hast appointed repentance unto salvation","but established repentance for salvation","[""priest-prayer"",""quiet"",""trisagion"",""salvation"",""section: The Entrance Hymn""]"
"trisagion-made-worthy-servants-001","يَا مَنْ أَهَّلْتَنَا نَحْنُ عَبِيدَهُ الأَذِلَّاءَ غَيْرَ الْمُسْتَحِقِّينَ","who hast vouchsafed unto us thy humble and unworthy servants","O you who made us his humble and unworthy servants worthy","[""priest-prayer"",""quiet"",""trisagion"",""section: The Entrance Hymn""]"
"trisagion-stand-before-altar-001","لأَنْ نَقِفَ فِي هَذِهِ السَّاعَةِ أَيْضًا أَمَامَ مَجْدِ مَذْبَحِهِ الْمُقَدَّسِ","even in this hour to stand before the glory of thy holy altar","to stand in this hour before the glory of his holy altar","[""priest-prayer"",""quiet"",""trisagion"",""section: The Entrance Hymn""]"
"trisagion-offer-worship-001","وَأَنْ نُقَدِّمَ لَهُ السُّجُودَ وَالتَّمْجِيدَ الْوَاجِبَيْنِ","and to offer the worship and praise which are due unto thee","and to offer to him the worship and glorification that are due","[""priest-prayer"",""quiet"",""trisagion"",""section: The Entrance Hymn""]"
"trisagion-receive-from-mouths-001","أَنْتَ أَيُّهَا السَّيِّدُ تَقَبَّلْ مِنْ أَفْوَاهِنَا أَيْضًا نَحْنُ الْخَطَأَةَ","Thyself O Master receive even from the mouth of us sinners","You O Master receive also from our mouths we sinners","[""priest-prayer"",""quiet"",""trisagion"",""section: The Entrance Hymn""]"
"trisagion-thrice-holy-hymn-001","التَّسْبِيحَ الْمُثَلَّثَ التَّقْدِيسِ","the thrice holy hymn","the thrice holy praise","[""priest-prayer"",""quiet"",""trisagion"",""section: The Entrance Hymn""]"
"trisagion-visit-goodness-001","وَافْتَقِدْنَا بِصَلَاحِكَ","and visit us in thy goodness","and visit us in your goodness","[""priest-prayer"",""quiet"",""trisagion"",""section: The Entrance Hymn""]"
"trisagion-forgive-every-sin-001","وَاغْفِرْ لَنَا كُلَّ إِثْمٍ طَوْعِيٍّ أَوْ كُرْهِيٍّ","Pardon us every transgression both voluntary and involuntary","and forgive us every voluntary or involuntary sin","[""priest-prayer"",""quiet"",""trisagion"",""section: The Entrance Hymn""]"
"trisagion-sanctify-souls-bodies-001","وَقَدِّسْ نُفُوسَنَا وَأَجْسَادَنَا","sanctify our souls and bodies","and sanctify our souls and bodies","[""priest-prayer"",""quiet"",""trisagion"",""section: The Entrance Hymn""]"
"trisagion-grant-worship-001","وَامْنَحْنَا أَنْ نَعْبُدَكَ بِقَدَاسَةٍ","and grant us to serve thee in holiness","and grant us to worship you in holiness","[""priest-prayer"",""quiet"",""trisagion"",""section: The Entrance Hymn""]"
"trisagion-all-days-life-001","كُلَّ أَيَّامِ حَيَاتِنَا","all the days of our life","all the days of our life","[""priest-prayer"",""quiet"",""trisagion"",""section: The Entrance Hymn""]"
"trisagion-theotokos-intercessions-001","بِشَفَاعَاتِ وَالِدَةِ الْإِلَهِ الْقِدِّيسَةِ","through the intercessions of the holy Theotokos","through the intercessions of the holy Theotokos","[""priest-prayer"",""quiet"",""trisagion"",""theotokos"",""section: The Entrance Hymn""]"
"trisagion-all-saints-001","وَجَمِيعِ الْقِدِّيسِينَ الَّذِينَ أَرْضَوْكَ مُنْذُ الدَّهْرِ","and of all the saints who from the beginning of the world have been well pleasing unto thee","and all the saints who have pleased you from the age","[""priest-prayer"",""quiet"",""trisagion"",""section: The Entrance Hymn""]"
"role-reader","القَارِئ","Reader","The Reader","[""role""]"
"section-preparation-divine-liturgy","التَّهْيِئَةُ لِخِدْمَةِ القُدَّاسِ الإِلَهِي","The Preparation for the Divine Liturgy","The preparation for the service of the Divine Liturgy","[""section-title"",""preparation"",""section: The Preparation for the Divine Liturgy""]"
"section-prothesis","البْرُوثِيسِيس","Prothesis","Prothesis","[""section-title"",""preparation""]"
"section-liturgy-catechumen","قُدَّاسُ المَوْعُوظِينَ","Liturgy of the Catechumen","Liturgy of the catechumens","[""section-title"",""liturgy"",""catechumen""]"
"section-introductory-blessing","مُبَارَكَةٌ مَمْلَكَةُ","Blessed is the Kingdom","Blessed is the kingdom","[""section-title"",""liturgy"",""blessing"",""section: Blessed is the Kingdom""]"
"section-first-antiphon","الأَنْدِيفُونَا الأُولَى","The First Antiphon","The first antiphon","[""section-title"",""antiphon"",""section: The First Antiphon""]"
"section-little-litany","الطِلْبَةُ الصُّغْرَى","The Little Litany","The small petition","[""section-title"",""litany""]"
"section-little-litany-after-first-antiphon","الطِلْبَةُ الصُّغْرَى","Little Litany After the First Antiphon","The small petition after the first antiphon","[""section-title"",""litany"",""first-antiphon"",""section: Little Litany After the First Antiphon""]"
"section-little-litany-after-second-antiphon","الطِلْبَةُ الصُّغْرَى","The Little Litany After the Second Antiphon","The small petition after the second antiphon","[""section-title"",""litany"",""second-antiphon"",""section: The Little Litany After the Second Antiphon""]"
"section-trisagion-hymn","التَّسْبِيحُ المُثَلَّثُ التَّقْدِيس","Thrice Holy Hymn","The thrice holy hymn","[""section-title"",""trisagion"",""section: Thrice-Holy Hymn""]"
"section-liturgy-word","قُدَّاسُ الكَلِمَة","The Liturgy of the Word","The liturgy of the word","[""section-title"",""word""]"
"section-reading-epistle","قِرَاءَةُ الرِّسَالَة","The Reading of the Epistle","The reading of the epistle","[""section-title"",""epistle"",""section: The Reading of the Epistle""]"
"section-prayer-before-gospel","إِفْشِينُ مَا قَبْلَ الإِنْجِيل","Prayer Before the Gospel","Prayer before the Gospel","[""section-title"",""gospel"",""section: Prayer Before the Gospel""]"
"section-reading-gospel","قِرَاءَةُ الإِنْجِيلِ المُقَدَّس","The Reading of the Gospel","The reading of the holy Gospel","[""section-title"",""gospel"",""section: The Reading of the Gospel""]"
"preparation-heavenly-king-001","أَيُّهَا المَلِكُ السَّمَاوِيُّ المُعَزِّي رُوحُ الحَقّ","O heavenly King Comforter the Spirit of truth","O heavenly King the Comforter Spirit of truth","[""preparation"",""holy-spirit"",""section: The Preparation for the Divine Liturgy""]"
"preparation-everywhere-present-001","الحَاضِرُ فِي كُلِّ مَكَانٍ وَالمَالِئُ الكُلّ","who art everywhere present and fillest all things","the one present in every place and filling all things","[""preparation"",""holy-spirit"",""section: The Preparation for the Divine Liturgy""]"
"preparation-treasury-giver-001","كَنْزُ الصَّالِحَاتِ وَرَازِقُ الحَيَاة","the Treasury of good things and Giver of life","treasury of good things and giver of life","[""preparation"",""holy-spirit"",""section: The Preparation for the Divine Liturgy""]"
"preparation-come-abide-001","هَلُمَّ وَاسْكُنْ فِينَا","Come and abide in us","come and dwell in us","[""preparation"",""petition"",""section: The Preparation for the Divine Liturgy""]"
"preparation-cleanse-save-001","وَطَهِّرْنَا مِنْ كُلِّ دَنَسٍ وَخَلِّصْ أَيُّهَا الصَّالِحُ نُفُوسَنَا","and cleanse us from every stain and save our souls O good One","and purify us from every stain and save O Good One our souls","[""preparation"",""petition"",""salvation"",""section: The Preparation for the Divine Liturgy""]"
"preparation-rubric-omit-heavenly-king-001","لا نَقُولُ أَيُّهَا المَلِكُ السَّمَاوِيُّ مِنَ الفِصْحِ إِلَى العَنْصَرَة","We do not say O heavenly King from Pascha until Pentecost","O Heavenly King is not said from Pascha until Pentecost","[""rubric"",""preparation"",""section: The Preparation for the Divine Liturgy""]"
"glory-highest-001","المَجْدُ للهِ فِي العُلَى","Glory to God in the highest","Glory to God in the highest places","[""glory"",""preparation"",""section: The Preparation for the Divine Liturgy""]"
"earth-peace-goodwill-001","وَعَلَى الأَرْضِ السَّلَامُ وَفِي النَّاسِ المَسَرَّة","and on earth peace good will among men","and upon earth peace and among people good pleasure","[""peace"",""preparation"",""section: The Preparation for the Divine Liturgy""]"
"thrice-001","ثَلَاثًا","thrice","three times","[""rubric"",""repeated"",""section: The Preparation for the Divine Liturgy"",""section: Thrice-Holy Hymn"",""section: The Reading of the Epistle""]"
"twice-001","مَرَّتَيْن","twice","two times","[""rubric"",""repeated"",""section: The Preparation for the Divine Liturgy""]"
"open-my-lips-001","يَا رَبُّ افْتَحْ شَفَتَيَّ","O Lord thou shalt open my lips","O Lord open my lips","[""preparation"",""psalm"",""section: The Preparation for the Divine Liturgy""]"
"declare-praise-001","فَيُخْبِرَ فَمِي بِتَسْبِيحِكَ","and my mouth shall declare thy praise","and my mouth will proclaim your praise","[""preparation"",""psalm"",""section: The Preparation for the Divine Liturgy""]"
"open-door-mercy-001","يَا رَبُّ يَا رَبُّ افْتَحْ لَنَا بَابَ رَحْمَتِكَ","O Lord Lord open unto us the door of thy mercy","O Lord Lord open for us the door of your mercy","[""preparation"",""mercy"",""section: The Preparation for the Divine Liturgy""]"
"time-lord-act-001","إِنَّهُ وَقْتُ عَمَلِ الرَّبّ","It is time for the Lord to act","It is the time for the Lord to act","[""preparation"",""clergy-dialogue"",""section: The Preparation for the Divine Liturgy""]"
"bless-holy-master-001","بَارِكْ يَا سَيِّدِي القُدُّوس","Bless holy master","Bless holy master","[""preparation"",""clergy-dialogue"",""section: The Preparation for the Divine Liturgy""]"
"blessed-is-our-god-001","مُبَارَكٌ إِلَهُنَا","Blessed is our God","Blessed is our God","[""blessing"",""clergy-dialogue"",""section: The Preparation for the Divine Liturgy""]"
"always-now-ever-ages-001","كُلَّ حِينٍ الآنَ وَكُلَّ أَوَانٍ وَإِلَى دَهْرِ الدَّاهِرِينَ","always now and ever and unto ages of ages","at every time now and always and unto the age of ages","[""doxology"",""repeated"",""section: The Preparation for the Divine Liturgy"",""section: Thrice-Holy Hymn""]"
"pray-for-me-holy-master-001","صَلِّ مِنْ أَجْلِي يَا سَيِّدِي القُدُّوس","Pray for me holy master","Pray for me holy master","[""preparation"",""clergy-dialogue"",""section: The Preparation for the Divine Liturgy""]"
"lord-direct-steps-001","يُسَدِّدُ الرَّبُّ خُطَاكَ إِلَى كُلِّ عَمَلٍ صَالِح","The Lord direct thy steps unto every good work","May the Lord direct your steps toward every good work","[""preparation"",""clergy-dialogue"",""section: The Preparation for the Divine Liturgy""]"
"remember-me-holy-master-001","اذْكُرْنِي يَا سَيِّدِي القُدُّوس","Remember me holy master","Remember me holy master","[""preparation"",""clergy-dialogue"",""section: The Preparation for the Divine Liturgy""]"
"lord-remember-kingdom-001","يَذْكُرُكَ الرَّبُّ الإِلَهُ فِي مَلَكُوتِهِ","The Lord God remember thee in his kingdom","May the Lord God remember you in his kingdom","[""preparation"",""clergy-dialogue"",""section: The Preparation for the Divine Liturgy""]"
"opening-bless-master-001","بَارِكْ يَا سَيِّد","Bless master","Bless master","[""opening"",""section: Blessed is the Kingdom""]"
"opening-blessed-kingdom-001","مُبَارَكَةٌ مَمْلَكَةُ","Blessed is the kingdom","Blessed is the kingdom","[""opening"",""blessing"",""section: Blessed is the Kingdom""]"
"father-son-holy-spirit-001","الآبِ وَالابْنِ وَالرُّوحِ القُدُس","of the Father and of the Son and of the Holy Spirit","of the Father and the Son and the Holy Spirit","[""trinity"",""repeated"",""section: Blessed is the Kingdom""]"
"through-intercessions-001","بِشَفَاعَاتِ","Through the intercessions","By the intercessions","[""antiphon"",""theotokos"",""repeated"",""section: The First Antiphon""]"
"o-savior-save-us-001","يَا مُخَلِّصُ خَلِّصْنَا","O Savior save us","O Savior save us","[""antiphon"",""salvation"",""address"",""petition"",""repeated"",""section: The First Antiphon""]"
"glory-001","المَجْدُ","Glory","Glory","[""doxology"",""repeated"",""section: The First Antiphon"",""section: The Second Antiphon"",""section: Thrice-Holy Hymn""]"
"to-father-son-holy-spirit-001","لِلآبِ وَالابْنِ وَالرُّوحِ القُدُس","to the Father and to the Son and to the Holy Spirit","to the Father and the Son and the Holy Spirit","[""trinity"",""doxology"",""repeated"",""section: The First Antiphon"",""section: The Second Antiphon"",""section: Thrice-Holy Hymn""]"
"rubric-deacon-holy-doors-little-litany-001","يَقِفُ الشَّمَّاسُ أَمَامَ الأَبْوَابِ المُقَدَّسَةِ وَيَقُولُ الطِلْبَةَ الصُّغْرَى","The deacon moves and stands before the holy doors and says the little litany","The deacon stands before the holy doors and says the little litany","[""rubric"",""little-litany"",""section: The First Antiphon""]"
"healthful-seasons-001","مِنْ أَجْلِ اعْتِدَالِ الأَهْوِيَةِ","For healthful seasons","for the sake of temperate weather","[""litany"",""petition"",""creation"",""section: Litany of Peace""]"
"abundance-fruits-earth-001","وَخِصْبِ الأَرْضِ بِالثِّمَارِ","abundance of the fruits of the earth","and fruitfulness of the earth with fruits","[""litany"",""petition"",""creation"",""section: Litany of Peace""]"
"peaceful-times-001","وَأَوْقَاتٍ سَلَامِيَّة","and peaceful times","and peaceful times","[""litany"",""petition"",""peace"",""section: Litany of Peace""]"
"travelers-sea-land-air-001","مِنْ أَجْلِ المُسَافِرِينَ بِالبَحْرِ وَالبَرِّ وَالجَوِّ","For travelers by sea by land and by air","for the sake of travelers by sea and land and air","[""litany"",""petition"",""section: Litany of Peace""]"
"sick-suffering-captive-001","وَالمَرْضَى وَالمُتَأَلِّمِينَ وَالأَسْرَى","the sick the suffering the captive","and the sick and the suffering and the captives","[""litany"",""petition"",""section: Litany of Peace""]"
"their-salvation-001","وَخَلَاصِهِم","and for their salvation","and their salvation","[""litany"",""petition"",""salvation"",""section: Litany of Peace""]"
"deliverance-tribulation-001","مِنْ أَجْلِ نَجَاتِنَا","For our deliverance","for the sake of our deliverance","[""litany"",""petition"",""section: Litany of Peace""]"
"from-all-tribulation-001","مِنْ كُلِّ ضِيقٍ","from all tribulation","from every distress","[""litany"",""petition"",""section: Litany of Peace""]"
"wrath-danger-necessity-001","وَغَضَبٍ وَخَطَرٍ وَشِدَّة","wrath danger and necessity","and wrath and danger and hardship","[""litany"",""petition"",""section: Litany of Peace""]"
"calling-remembrance-001","بَعْدَ ذِكْرِنَا","Calling to remembrance","after our remembering","[""litany"",""repeated"",""section: Litany of Peace"",""section: Little Litany After the First Antiphon"",""section: The Little Litany After the Second Antiphon""]"
"all-holy-immaculate-001","الكُلِّيَّةَ القَدَاسَةِ الطَّاهِرَةَ","our all holy immaculate","the all holy pure one","[""litany"",""theotokos"",""repeated"",""section: Litany of Peace"",""section: Little Litany After the First Antiphon"",""section: The Little Litany After the Second Antiphon""]"
"most-blessed-glorious-lady-001","الفَائِقَةَ البَرَكَاتِ المَجِيدَةَ سَيِّدَتَنَا","most blessed and glorious Lady","our most blessed and glorious Lady","[""litany"",""theotokos"",""repeated"",""section: Litany of Peace"",""section: Little Litany After the First Antiphon"",""section: The Little Litany After the Second Antiphon""]"
"theotokos-001","وَالِدَةَ الإِلَهِ","the Theotokos","Mother of God","[""theotokos"",""repeated"",""section: Litany of Peace"",""section: The First Antiphon"",""section: Little Litany After the First Antiphon"",""section: The Little Litany After the Second Antiphon""]"
"ever-virgin-mary-002","الدَّائِمَةَ البَتُولِيَّةِ مَرْيَمَ","and ever virgin Mary","the ever virgin Mary","[""theotokos"",""mary"",""repeated"",""section: Litany of Peace"",""section: Little Litany After the First Antiphon"",""section: The Little Litany After the Second Antiphon""]"
"with-all-saints-001","مَعَ جَمِيعِ القِدِّيسِينَ","with all the saints","with all the saints","[""saints"",""repeated"",""section: Litany of Peace"",""section: Little Litany After the First Antiphon"",""section: The Little Litany After the Second Antiphon""]"
"commend-ourselves-001","فَلْنُودِعْ ذَوَاتِنَا","let us commend ourselves","let us entrust ourselves","[""litany"",""petition"",""section: Litany of Peace"",""section: Little Litany After the First Antiphon"",""section: The Little Litany After the Second Antiphon""]"
"and-each-other-001","وَبَعْضُنَا بَعْضًا","and each other","and one another","[""litany"",""petition"",""repeated"",""section: Litany of Peace"",""section: Little Litany After the First Antiphon"",""section: The Little Litany After the Second Antiphon""]"
"and-all-our-life-001","وَكُلَّ حَيَاتِنَا","and all our life","and all our life","[""litany"",""petition"",""repeated"",""section: Litany of Peace"",""section: Little Litany After the First Antiphon"",""section: The Little Litany After the Second Antiphon""]"
"unto-christ-our-god-001","لِلْمَسِيحِ الإِلَه","unto Christ our God","to Christ God","[""litany"",""petition"",""christology"",""repeated"",""section: Litany of Peace"",""section: Little Litany After the First Antiphon"",""section: The Little Litany After the Second Antiphon""]"
"o-lord-our-god-001","أَيُّهَا الرَّبُّ إِلَهُنَا","O Lord our God","O Lord our God","[""litany"",""quiet"",""priest-prayer"",""repeated"",""section: Litany of Peace""]"
"whose-might-beyond-compare-001","الَّذِي عِزَّتُهُ لا تُوصَفُ","whose might is beyond compare","whose power is indescribable","[""litany"",""quiet"",""priest-prayer"",""section: Litany of Peace""]"
"whose-glory-incomprehensible-001","وَمَجْدُهُ لا يُدْرَك","whose glory is incomprehensible","and whose glory cannot be comprehended","[""litany"",""quiet"",""priest-prayer"",""section: Litany of Peace""]"
"whose-mercy-boundless-001","وَرَحْمَتُهُ لا تُحَدُّ","whose mercy is boundless","and whose mercy has no limit","[""litany"",""quiet"",""priest-prayer"",""section: Litany of Peace""]"
"whose-love-ineffable-001","وَمَحَبَّتُهُ لِلْبَشَرِ لا تُقَاس","and whose love toward mankind is ineffable","and whose love for mankind cannot be measured","[""litany"",""quiet"",""priest-prayer"",""section: Litany of Peace""]"
"do-thou-o-master-001","تَطَلَّعْ أَنْتَ أَيُّهَا السَّيِّدُ","do thou thyself O Master look down","you yourself O Master look","[""litany"",""quiet"",""priest-prayer"",""section: Litany of Peace""]"
"in-tender-compassion-001","بِتَحَنُّنِكَ","in thy tender compassion","with your tender compassion","[""litany"",""quiet"",""priest-prayer"",""section: Litany of Peace""]"
"upon-us-001","عَلَيْنَا","upon us","upon us","[""litany"",""quiet"",""priest-prayer"",""repeated"",""section: Litany of Peace""]"
"upon-this-holy-house-001","وَعَلَى هَذَا البَيْتِ المُقَدَّس","and upon this holy house","and upon this holy house","[""litany"",""quiet"",""priest-prayer"",""church"",""section: Litany of Peace""]"
"grant-rich-mercies-001","وَاجْعَلْ مَرَاحِمَكَ وَرَأَفَاتِكَ غَنِيَّةً","and grant thy rich mercies and compassions","and make your mercies and compassions abundant","[""litany"",""quiet"",""priest-prayer"",""mercy"",""section: Litany of Peace""]"
"upon-those-pray-with-us-001","وَعَلَى الَّذِينَ يُصَلُّونَ مَعَنَا","and those who pray with us","and upon those who pray with us","[""litany"",""quiet"",""priest-prayer"",""section: Litany of Peace""]"
"rubric-deacon-theotokos-icon-001","يَنْتَقِلُ الشَّمَّاسُ وَيَقِفُ أَمَامَ أَيْقُونَةِ السَّيِّدَة","The deacon moves and stands before the icon of the Theotokos","The deacon moves and stands before the icon of the Theotokos","[""rubric"",""section: Litany of Peace""]"
"save-thy-people-001","يَا رَبُّ إِلَهُنَا خَلِّصْ شَعْبَكَ وَبَارِكْ مِيرَاثَكَ","O Lord our God save thy people and bless thine inheritance","O Lord our God save your people and bless your inheritance","[""little-litany"",""quiet"",""priest-prayer"",""section: Little Litany After the First Antiphon""]"
"preserve-fullness-church-001","وَاحْفَظْ كَمَالَ كَنِيسَتِكَ","preserve the fullness of thy Church","preserve the fullness of your Church","[""little-litany"",""quiet"",""priest-prayer"",""section: Little Litany After the First Antiphon""]"
"sanctify-love-house-001","قَدِّسِ الَّذِينَ يُحِبُّونَ جَمَالَ بَيْتِكَ","sanctify those who love the beauty of thy house","sanctify those who love the beauty of your house","[""little-litany"",""quiet"",""priest-prayer"",""section: Little Litany After the First Antiphon""]"
"glorify-by-power-001","مَجِّدْهُمْ بِقُوَّتِكَ الإِلَهِيَّةِ","glorify them in recompense by thy divine power","glorify them by your divine power","[""little-litany"",""quiet"",""priest-prayer"",""section: Little Litany After the First Antiphon""]"
"forsake-us-not-001","وَلَا تُهْمِلْنَا نَحْنُ المُتَوَكِّلِينَ عَلَيْكَ","and forsake us not who hope on thee","and do not neglect us who trust in you","[""little-litany"",""quiet"",""priest-prayer"",""section: Little Litany After the First Antiphon""]"
"for-thine-might-001","لأَنَّ لَكَ العِزَّةَ وَلَكَ المُلْكَ وَالقُدْرَةَ وَالمَجْد","For thine is the might and thine is the kingdom and the power and the glory","for yours is the might and yours is the kingdom and the power and the glory","[""little-litany"",""doxology"",""section: Little Litany After the First Antiphon""]"
"granted-common-supplications-001","يَا مَنْ أَنْعَمَ عَلَيْنَا","O thou who hast granted us","O you who granted us","[""little-litany"",""second-antiphon"",""quiet"",""priest-prayer"",""section: The Little Litany After the Second Antiphon""]"
"common-supplications-accord-001","بِهَذِهِ الطَّلِبَاتِ المُشْتَرَكَةِ المُتَّفِقَة","to make these common supplications in one accord","with these common supplications in agreement","[""little-litany"",""second-antiphon"",""quiet"",""priest-prayer"",""section: The Little Litany After the Second Antiphon""]"
"promise-two-three-001","وَوَعَدْتَ أَنَّهُ إِذَا اجْتَمَعَ اثْنَانِ أَوْ ثَلَاثَة","and dost promise that when two or three","and you promised that if two or three gather","[""little-litany"",""second-antiphon"",""quiet"",""priest-prayer"",""section: The Little Litany After the Second Antiphon""]"
"gathered-in-thy-name-001","بِاسْمِكَ","are gathered together in thy name","in your name","[""little-litany"",""second-antiphon"",""quiet"",""priest-prayer"",""section: The Little Litany After the Second Antiphon""]"
"grant-their-requests-001","أَنْ تَمْنَحَهُمْ طَلِبَاتِهِمْ","thou wilt grant their requests","that you grant them their requests","[""little-litany"",""second-antiphon"",""quiet"",""priest-prayer"",""section: The Little Litany After the Second Antiphon""]"
"fulfill-desires-petitions-001","أَنْتَ الآنَ أَتْمِمْ طَلِبَاتِ عَبِيدِكَ","do thou also now fulfill the desires and petitions of thy servants","you now fulfill the petitions of your servants","[""little-litany"",""second-antiphon"",""quiet"",""priest-prayer"",""section: The Little Litany After the Second Antiphon""]"
"as-expedient-001","حَسَبَ مَا يُوافِقُ مَنْفَعَتَهُمْ","as may be most expedient for them","according to what accords with their benefit","[""little-litany"",""second-antiphon"",""quiet"",""priest-prayer"",""section: The Little Litany After the Second Antiphon""]"
"grant-knowledge-truth-001","مَانِحًا لَنَا فِي هَذَا الدَّهْرِ مَعْرِفَةَ حَقِّكَ","granting us in this age the knowledge of thy truth","granting us in this age knowledge of your truth","[""little-litany"",""second-antiphon"",""quiet"",""priest-prayer"",""section: The Little Litany After the Second Antiphon""]"
"age-to-come-life-everlasting-001","وَفِي الدَّهْرِ الآتِي حَيَاةً أَبَدِيَّة","and in the age to come life everlasting","and in the coming age eternal life","[""little-litany"",""second-antiphon"",""quiet"",""priest-prayer"",""section: The Little Litany After the Second Antiphon""]"
"good-god-lovest-mankind-001","لأَنَّكَ إِلَهٌ صَالِحٌ وَمُحِبٌّ لِلْبَشَر","For thou art a good God and lovest mankind","for you are a good God and lover of mankind","[""doxology"",""little-litany"",""second-antiphon"",""repeated"",""section: The Little Litany After the Second Antiphon""]"
"rubric-deacon-christ-icon-001","يَنْتَقِلُ الشَّمَّاسُ وَيَقِفُ أَمَامَ أَيْقُونَةِ السَّيِّد","The deacon moves and stands before the icon of Christ","The deacon moves and stands before the icon of Christ","[""rubric"",""section: Little Litany After the First Antiphon"",""section: The Little Litany After the Second Antiphon""]"
"holy-god-001","قُدُّوسٌ اللهُ","Holy God","Holy God","[""trisagion"",""hymn"",""repeated"",""section: Thrice-Holy Hymn""]"
"holy-mighty-001","قُدُّوسٌ القَوِيُّ","Holy Mighty","Holy Mighty","[""trisagion"",""hymn"",""repeated"",""section: Thrice-Holy Hymn""]"
"holy-immortal-001","قُدُّوسٌ الَّذِي لا يَمُوتُ","Holy Immortal","Holy Immortal","[""trisagion"",""hymn"",""repeated"",""section: Thrice-Holy Hymn""]"
"have-mercy-on-us-001","ارْحَمْنَا","have mercy on us","have mercy on us","[""trisagion"",""hymn"",""mercy"",""repeated"",""section: Thrice-Holy Hymn""]"
"with-strength-001","قُوَّة","With strength","Power","[""trisagion"",""section: Thrice-Holy Hymn""]"
"dynamis-001","دِينَامِيس","Dynamis","Dynamis","[""trisagion"",""rubric"",""section: Thrice-Holy Hymn""]"
"rubric-trisagion-baptized-001","فِي أَعْيَادِ المِيلَادِ وَالظُّهُورِ وَسَبْتِ لَعَازَرَ وَسَبْتِ النُّورِ وَالفِصْحِ وَأُسْبُوعِ الفِصْحِ وَوَدَاعِ الفِصْحِ وَالعَنْصَرَةِ نُرَتِّلُ بَدَلًا عَنْهَا","On Christmas Theophany Lazarus Saturday the Vesperal Divine Liturgy on Holy Saturday Pascha Bright Week the leavetaking of Pascha Pentecost in place of the thrice holy shall be sung","On these feasts this is sung in place of the thrice holy hymn","[""rubric"",""trisagion"",""section: Thrice-Holy Hymn""]"
"as-many-of-you-001","أَنْتُمُ الَّذِينَ","As many of you as","You who","[""trisagion"",""hymn"",""baptism"",""section: Thrice-Holy Hymn""]"
"baptized-into-christ-001","بِالمَسِيحِ اعْتَمَدْتُمْ","have been baptized into Christ","were baptized in Christ","[""trisagion"",""hymn"",""baptism"",""section: Thrice-Holy Hymn""]"
"put-on-christ-001","المَسِيحَ قَدْ لَبِسْتُمْ","have put on Christ","have clothed yourselves with Christ","[""trisagion"",""hymn"",""baptism"",""section: Thrice-Holy Hymn""]"
"rubric-trisagion-cross-001","فِي أَعْيَادِ الصَّلِيبِ نُرَتِّلُ","On feasts of the Holy Cross in place of the thrice holy shall be sung","On feasts of the Holy Cross this is sung in place of the thrice holy hymn","[""rubric"",""trisagion"",""section: Thrice-Holy Hymn""]"
"venerate-cross-001","لِصَلِيبِكَ يَا سَيِّدُنَا نَسْجُدُ","We venerate thy cross O Master","We bow before your cross O Master","[""trisagion"",""hymn"",""cross"",""section: Thrice-Holy Hymn""]"
"glorify-resurrection-001","وَلِقِيَامَتِكَ المُقَدَّسَةِ نُمَجِّد","and thy holy resurrection we glorify","and we glorify your holy resurrection","[""trisagion"",""hymn"",""resurrection"",""cross"",""section: Thrice-Holy Hymn""]"
"command-master-001","بَارِكْ يَا سَيِّد","Command master","Command master","[""word"",""section: Thrice-Holy Hymn""]"
"blessed-cometh-001","مُبَارَكٌ الآتِي بِاسْمِ الرَّبّ","Blessed is he that cometh in the name of the Lord","Blessed is the one who comes in the name of the Lord","[""word"",""blessing"",""section: Thrice-Holy Hymn""]"
"bless-throne-high-001","بَارِكْ يَا سَيِّدُ الكَاثِدْرَا العُلْيَا","Bless master the throne on high","Bless master the high throne","[""word"",""section: Thrice-Holy Hymn""]"
"blessed-throne-glory-001","مُبَارَكٌ أَنْتَ عَلَى عَرْشِ مَجْدِ مُلْكِكَ","Blessed art thou on the throne of the glory of thy kingdom","Blessed are you upon the throne of the glory of your kingdom","[""word"",""blessing"",""section: Thrice-Holy Hymn""]"
"enthroned-cherubim-001","أَيُّهَا الجَالِسُ عَلَى الشِّيرُوبِيم","who art enthroned upon the cherubim","O you who sit upon the cherubim","[""word"",""cherubim"",""section: Thrice-Holy Hymn""]"
"let-us-attend-001","لِنُصْغِ","Let us attend","Let us pay attention","[""word"",""section: The Reading of the Epistle"",""section: The Reading of the Gospel""]"
"reader-announces-prokeimenon-001","يُعْلِنُ القَارِئُ بْرُوكِيمِنُونَ الرِّسَالَة","Announces the prokeimenon of the epistle","The reader announces the prokeimenon of the epistle","[""rubric"",""epistle"",""section: The Reading of the Epistle""]"
"reader-announces-epistle-title-001","يُعْلِنُ القَارِئُ عُنْوَانَ الرِّسَالَة","Announces the title of the epistle","The reader announces the title of the epistle","[""rubric"",""epistle"",""section: The Reading of the Epistle""]"
"reader-reads-epistle-001","يَتْلُو القَارِئُ الفَصْلَ المُعَيَّنَ","Reads the epistle for the day","The reader reads the appointed epistle","[""rubric"",""epistle"",""section: The Reading of the Epistle""]"
"peace-reader-001","السَّلَامُ لَكَ أَيُّهَا القَارِئ","Peace be to thee that readest","Peace to you O reader","[""word"",""blessing"",""section: The Reading of the Epistle""]"
"illumine-hearts-001","أَيُّهَا السَّيِّدُ المُحِبُّ البَشَرِ","O Master who lovest mankind","O Master who loves mankind","[""gospel"",""priest-prayer"",""quiet"",""section: Prayer Before the Gospel""]"
"open-eyes-mind-001","وَافْتَحْ حَدَقَتَيْ ذِهْنِنَا","and open the eyes of our mind","and open the eyes of our mind","[""gospel"",""priest-prayer"",""quiet"",""section: Prayer Before the Gospel""]"
"implant-fear-commandments-001","ضَعْ فِينَا","implant in us also","place in us","[""gospel"",""priest-prayer"",""quiet"",""section: Prayer Before the Gospel""]"
"spiritual-living-001","حَتَّى نَسْلُكَ سِيرَةً رُوحِيَّةً","that we may enter upon a spiritual manner of living","so that we may walk a spiritual life","[""gospel"",""priest-prayer"",""quiet"",""section: Prayer Before the Gospel""]"
"illumination-souls-bodies-001","لأَنَّكَ أَنْتَ اسْتِنَارَةُ","For thou art the Illumination","for you are the illumination","[""gospel"",""doxology"",""quiet"",""section: Prayer Before the Gospel""]"
"unoriginate-father-spirit-001","مَعَ أَبِيكَ الَّذِي لا بَدْءَ لَهُ","together with thine unoriginate Father","with your Father without beginning","[""gospel"",""doxology"",""quiet"",""section: Prayer Before the Gospel""]"
"bless-proclaimer-gospel-001","بَارِكْ يَا سَيِّدُ","Bless master","Bless master","[""gospel"",""section: Prayer Before the Gospel""]"
"may-god-enable-gospel-001","لِيُمَكِّنْكَ اللهُ","May God enable thee","May God enable you","[""gospel"",""blessing"",""section: Prayer Before the Gospel""]"
"hear-holy-gospel-001","لِنَسْمَعِ الإِنْجِيلَ المُقَدَّس","Let us hear the holy gospel","Let us hear the holy Gospel","[""gospel"",""deacon"",""section: The Reading of the Gospel""]"
"peace-be-to-all-001","السَّلَامُ لِلْجَمِيع","Peace be to all","Peace to all","[""gospel"",""blessing"",""section: The Reading of the Gospel""]"
"and-to-thy-spirit-001","وَلِرُوحِكَ أَيْضًا","And to thy spirit","And to your spirit also","[""response"",""section: The Reading of the Gospel""]"
"reading-holy-gospel-001","فَصْلٌ شَرِيفٌ مِنْ بِشَارَةِ","The reading from the holy gospel","A noble passage from the Gospel","[""gospel"",""deacon"",""section: The Reading of the Gospel""]"
"glory-to-thee-lord-001","المَجْدُ لَكَ يَا رَبُّ المَجْدُ لَكَ","Glory to thee O Lord Glory to thee","Glory to you O Lord Glory to you","[""response"",""glory"",""section: The Reading of the Gospel""]"
"rubric-appointed-gospel-001","يَتْلُو الكَاهِنُ أَوِ الشَّمَّاسُ الفَصْلَ المُعَيَّن","The priest or deacon reads the appointed gospel","The priest or deacon reads the appointed Gospel passage","[""rubric"",""gospel"",""section: The Reading of the Gospel""]"
"illumine-hearts-002","أَشْرِقْ فِي قُلُوبِنَا","Illumine our hearts","shine in our hearts","[""gospel"",""priest-prayer"",""quiet"",""section: Prayer Before the Gospel""]"
"illumine-hearts-003","بِنُورِ مَعْرِفَةِ لَاهُوتِكَ","with the pure light of thy divine knowledge","with the light of the knowledge of your divinity","[""gospel"",""priest-prayer"",""quiet"",""section: Prayer Before the Gospel""]"
"open-eyes-mind-002","لِفَهْمِ تَعَالِيمِ إِنْجِيلِكَ","to the understanding of thy gospel teachings","to understand the teachings of your Gospel","[""gospel"",""priest-prayer"",""quiet"",""section: Prayer Before the Gospel""]"
"implant-fear-commandments-002","خَشْيَةَ وَصَايَاكَ المَغْبُوطَة","the fear of thy blessed commandments","the fear of your blessed commandments","[""gospel"",""priest-prayer"",""quiet"",""section: Prayer Before the Gospel""]"
"spiritual-living-002","مُفَكِّرِينَ وَعَامِلِينَ","both thinking and doing","thinking and doing","[""gospel"",""priest-prayer"",""quiet"",""section: Prayer Before the Gospel""]"
"spiritual-living-003","مَا يُرْضِيكَ","such things as are well pleasing unto thee","what pleases you","[""gospel"",""priest-prayer"",""quiet"",""section: Prayer Before the Gospel""]"
"illumination-souls-bodies-002","نُفُوسِنَا وَأَجْسَادِنَا","of our souls and bodies","of our souls and bodies","[""gospel"",""doxology"",""quiet"",""section: Prayer Before the Gospel""]"
"illumination-souls-bodies-003","أَيُّهَا المَسِيحُ الإِلَه","O Christ our God","O Christ God","[""gospel"",""doxology"",""quiet"",""section: Prayer Before the Gospel""]"
"unoriginate-father-spirit-002","وَرُوحِكَ الكُلِّيِّ قُدْسُهُ الصَّالِحِ","and thine all holy good Spirit","and your all holy good Spirit","[""gospel"",""doxology"",""quiet"",""section: Prayer Before the Gospel""]"
"unoriginate-father-spirit-003","والمُحْيِي","and life giving","and life giving","[""gospel"",""doxology"",""quiet"",""section: Prayer Before the Gospel""]"
"bless-proclaimer-gospel-002","مَنْ يُبَشِّرُ بِالإِنْجِيلِ المُقَدَّسِ المَجِيد","him who proclaimeth the good tidings of the holy glorious gospel","the one who proclaims the holy and glorious Gospel","[""gospel"",""section: Prayer Before the Gospel""]"
"may-god-enable-gospel-002","بِشَفَاعَاتِ الرَّسُولِ القُدُّوسِ المَجِيدِ","through the prayers of the holy glorious apostle and evangelist","through the intercessions of the holy and glorious apostle","[""gospel"",""blessing"",""section: Prayer Before the Gospel""]"
"may-god-enable-gospel-003","أَنْ تُبَشِّرَ","to proclaim the good tidings","to proclaim","[""gospel"",""blessing"",""section: Prayer Before the Gospel""]"
"may-god-enable-gospel-004","بِقُوَّةٍ عَظِيمَة","with great power","with great power","[""gospel"",""blessing"",""section: Prayer Before the Gospel""]"
"reading-holy-gospel-002","القِدِّيسِ","according to Saint","of Saint","[""gospel"",""deacon"",""section: The Reading of the Gospel""]"
"reading-holy-gospel-003","الإِنْجِيلِيِّ البَشِيرِ","the evangelist and herald","the evangelist and herald","[""gospel"",""deacon"",""section: The Reading of the Gospel""]"
"reading-holy-gospel-004","وَالتِّلْمِيذِ الطَّاهِرِ","and pure disciple","and pure disciple","[""gospel"",""deacon"",""section: The Reading of the Gospel""]"
"placeholder-so-and-so-001","فُلَان","so and so","so and so","[""rubric"",""placeholder"",""gospel"",""section: The Reading of the Gospel""]"
"jesus-prayer-lord-jesus-christ-001","يَا رَبُّ يَسُوعُ المَسِيحُ","Lord Jesus Christ","O Lord Jesus Christ","[""jesus-prayer"",""address"",""christology""]"
"jesus-prayer-son-of-god-001","ابْنَ اللهِ","Son of God","Son of God","[""jesus-prayer"",""christology""]"
"jesus-prayer-have-mercy-on-me-001","ارْحَمْنِي","have mercy on me","have mercy on me","[""jesus-prayer"",""mercy"",""petition""]"
"to-father-001","لِلآبِ","to the Father","to the Father","[""trinity"",""doxology"",""repeated""]"
"beginner-and-to-son-001","وَالابْنِ","and to the Son","and the Son","[""course"",""beginner"",""doxology"",""trinity""]"
"beginner-and-to-holy-spirit-001","وَالرُّوحِ القُدُس","and to the Holy Spirit","and the Holy Spirit","[""course"",""beginner"",""doxology"",""trinity""]"
"beginner-both-now-001","الآنَ وَكُلَّ أَوَانٍ","Both now and ever","now and always","[""course"",""beginner"",""doxology""]"
"beginner-unto-ages-001","وَإِلَى دَهْرِ الدَّاهِرِينَ","and unto ages of ages","and unto the age of ages","[""course"",""beginner"",""doxology""]"
"all-holy-trinity-001","أَيُّها الثّالوثُ القُدّوسُ","All holy Trinity","O all holy Trinity","[""course"",""beginner"",""all-holy-trinity"",""trinity"",""address""]"
"all-holy-trinity-have-mercy-001","ارْحَمنا","have mercy on us","have mercy on us","[""course"",""beginner"",""all-holy-trinity"",""mercy"",""petition""]"
"all-holy-trinity-name-sake-001","مِنْ أَجلِ اسْمِكَ","for Thy names sake","for the sake of your name","[""course"",""beginner"",""all-holy-trinity""]"
"vocative-o-lord-001","يا رَبُّ","O Lord","O Lord","[""course"",""beginner"",""all-holy-trinity"",""vocative"",""address""]"
"vocative-o-master-001","يا سَيِّدُ","O Master","O Master","[""course"",""beginner"",""all-holy-trinity"",""vocative"",""address""]"
"vocative-o-holy-one-001","يا قُدُّوسُ","O Holy One","O Holy One","[""course"",""beginner"",""all-holy-trinity"",""vocative"",""address""]"
"all-holy-trinity-cleanse-sins-001","اغْفِرْ خَطايانا","cleanse us from our sins","purify us from our sins","[""course"",""beginner"",""all-holy-trinity"",""petition""]"
"all-holy-trinity-pardon-iniquities-001","تَجاوَزْ عَنْ سَيِّئاتِنا","pardon our iniquities","pass over our iniquities","[""course"",""beginner"",""all-holy-trinity"",""petition""]"
"all-holy-trinity-visit-heal-001","اطَّلِعْ واشْفِ أَمْراضَنا","visit and heal our infirmities","look upon and heal our illnesses","[""course"",""beginner"",""all-holy-trinity"",""petition""]"
